Estados Unidos,,,,,,,,,,,,,,,,,,,,,,,,,,,,,,,,,,,,,,,,,,,,
Mensual,BM,RESERVES,CURRENCY,M1,M2,M2var,M3,RI,RIva,INFm,TargetLow,TargetUp,Target,Expectativas,CIN,GOB,DEP,TasaPrim,TasaSec,TasaEst,Rendimiento,Multiplicador,FFR,TasaVentanilla,,Trimestral,PIBt,BMt,M1t,M2t,M3t,V,Rit,CINt,GOBt,DEPt,Inflacion,FFRt,Crecimiento,Credito,Tdc,NASDAQ,NASDAQva,PrestamosVentanilla
2000-01,601.9,12.9,589,1126.9,4672.6,5.99,6631.94,58.8497,-15.48119,2.7,1,3,2,3.0803,590.97,,,,,5.65,0.221,7.76,5.45,,,2000-01,10002.2,585.6667,1111.07,4694.33,6680.98,17.0783,176.8516,567.8613,,,3.27,5.68,4.2,10.22,-12.08,4403.29,82.77,0.236
2000-02,578,12.3,565.7,1097.4,4674.4,5.74,6659.65,58.2608,-9.35544,3.2,1,3,2,3.1571,557.19,,,,,5.85,-0.091,8.09,5.73,,,2000-02,10247.7,580.4,1109.3,4765.37,6795.09,17.6563,168.5768,559.368,,,3.27,6.27,5.2,10.47,-11.63,3742.56,45.71,0.512
2000-03,577.1,13.4,563.7,1108.9,4736,6.27,6751.35,59.7411,-5.63776,3.8,1,3,2,3.2389,555.43,,,,,5.925,-0.2717,8.21,5.85,,,2000-03,10318.2,583.8,1095.37,4806.1,6897.75,17.6742,164.9682,559.8543,,,3.5,6.52,4,9.53,-13.79,3882.05,43.36,0.372
2000-04,578.6,13.9,564.7,1125.7,4806.1,6.85,6817.58,55.556,-11.31675,3.1,1,3,2,3.1607,559.96,,,,,6.15,-0.4132,8.31,6.02,,,2000-04,10435.7,591.3,1098.67,4896.3,7055.47,17.6487,165.2883,568.287,,,3.43,6.47,2.9,8.96,-16.24,2812.69,-15.94,0.11
2000-05,580.6,14.6,566,1100.4,4732.3,5.99,6760.98,56.1117,-8.02154,3.2,1,3,2,3.3126,559.73,,,,,6.3,-0.3691,8.15,6.27,,,2001-01,10470.2,597.9,1100.47,5028.43,7330.44,17.5116,165.1109,576.912,,,3.4,5.6,2.2,7.23,-6.55,2254.94,-47.86,0.022
2000-06,582,13.3,568.6,1101.8,4757.7,5.87,6806.73,56.9091,-6.15709,3.7,1,3,2,3.7602,558.41,,,,,6.6167,-0.3845,8.17,6.53,,,2001-02,10599,605.5667,1122.57,5148.63,7571.87,17.5026,161.6976,583.874,,,3.33,4.33,1,7.08,-6.39,2129.09,-42.88,0.15
2000-07,584.2,13.4,570.8,1102.8,4773.9,5.62,6830.46,55.4713,-10.89955,3.7,1,3,2,3.0863,560.74,,,,,6.625,-0.285,8.17,6.54,,,2001-03,10598,628.5333,1159.27,5250.27,7694.59,16.8615,171.4026,606.8753,,,2.67,3.5,0.5,7.26,-1.25,1777.12,-54.15,0.088
2000-08,583.4,13.6,569.8,1094.5,4804.4,5.84,6905.48,54.2867,-11.87696,3.4,1,3,2,3.1235,558.02,,,,,6.55,-0.4026,8.24,6.5,,,2001-04,10660.5,641.8333,1178.9,5390.47,7965.62,16.6095,174.4077,618.6487,,,1.87,2.13,0.2,6.69,3.08,1857.06,-32.19,0.034
2000-09,583.8,13.6,570.2,1088.8,4840,6.25,6957.33,55.2103,-11.47427,3.5,1,3,2,3.1741,560.8,,,,,6.55,-0.2825,8.29,6.52,,,2002-01,10783.5,655.8,1188.97,5480.2,8126.93,16.4433,169.3302,633.276,,,1.23,1.73,1.3,7.11,-4.9,1836.96,-16.5,0.02
2000-10,585.3,13.8,571.5,1092.2,4853.9,6.05,6973.78,54.2115,-12.81589,3.4,1,3,2,3.1062,561.43,,,,,6.6,-0.1738,8.29,6.51,,,2002-02,10887.5,668.6667,1192.53,5523.67,8173.67,16.2824,178.987,646.7447,,,1.3,1.75,1.3,6.16,5.37,1589.06,-25.31,0.184
2000-11,590.3,14.3,575.9,1092.1,4882,5.85,7040.93,54.4764,-11.08606,3.4,1,3,2,3.099,566.83,,,,,6.6,-0.1581,8.27,6.51,,,2002-03,10984,679.8333,1189.5,5615.63,8246.72,16.1569,193.0629,657.7293,,,1.57,1.74,2.1,5.52,10.47,1271.72,-27.82,0.177
2000-12,598.3,14.1,584.3,1111.7,4953,6.19,7151.7,56.6004,-6.44504,3.4,1,3,2,3.1673,576.61,,,,,6.5,-0.1115,8.28,6.4,,,2002-04,11061.4,689.8667,1215.8,5748.93,8475.25,16.0341,197.0496,667.1383,,,2.27,1.44,2,6.28,11.84,1381.35,-25.42,0.04
2001-01,598.7,14.2,584.5,1100.4,4979,6.63,7253.48,56.496,-3.99949,3.7,1,3,2,2.6537,579.37,,,,,5.85,0.401,8.32,5.98,,,2003-01,11174.1,701.8667,1232.03,5832.13,8639.91,15.9205,203.9343,679.7483,5.12,24.05,2.97,1.25,1.7,6.36,22.43,1333.2,-27.26,0.03
2001-02,595.9,13.5,582.4,1089.8,5008,7.15,7323.93,55.4395,-4.84247,3.5,1,3,2,2.6321,574.01,,,,,5.475,0.4421,8.4,5.49,,,2003-02,11312.8,712.7667,1270.3,5956.37,8741.51,15.8717,211.2211,694.2573,7.15,24.76,2,1.25,2,7.59,23.57,1561.01,-1.19,0.768
2001-03,599.1,13.8,585.3,1111.2,5098.3,7.68,7413.93,53.1753,-10.99031,2.9,1,3,2,2.1422,577.36,,,,,5.225,0.5432,8.51,5.31,,,2003-03,11566.7,719.8667,1288.77,6063.67,8876.01,16.0678,212.3405,699.359,5.98,25.43,2.23,1.02,3.2,7.84,14.45,1777.47,40.26,0.174
2001-04,601.7,13.7,588,1126.7,5174.1,7.76,7537.02,53.6849,-3.36804,3.3,1,3,2,2.5592,580.04,,,,,4.9,0.907,8.6,4.8,,,2003-04,11772.2,731.6,1305.07,6074.63,8887.71,16.091,222.3297,708.521,5.19,23.86,1.97,1,4.3,7.52,18.99,1965.28,42.62,0.062
2001-05,605.9,14.5,591.4,1114.7,5111.2,7.97,7545.25,54.2094,-3.39018,3.6,1,3,2,2.7239,584.73,,,,,4.1667,1.1314,8.44,4.21,,,2004-01,11923.4,736.1667,1315.47,6105.47,8999.16,16.1966,222.0548,713.5193,5.41,23.28,1.8,1,4.4,8.25,16.58,2030.06,52.29,0.064
2001-06,609.1,14.2,594.9,1126.3,5160.6,8.42,7633.35,53.8033,-5.45752,3.2,1,3,2,2.7512,586.85,,,,,3.875,1.2043,8.47,3.97,,,2004-02,12112.8,745.6333,1341.43,6252.77,9230.59,16.245,214.4119,723.1637,5.32,25.79,2.8,1.01,4.2,7.88,6.09,1984.89,27.27,0.323
2001-07,616,14.9,601.1,1139.7,5189.2,8.64,7639.28,54.6921,-1.40469,2.7,1,3,2,2.6878,593.38,,,,,3.725,1.1976,8.42,3.77,,,2004-03,12305.3,758.9,1346.83,6304.67,9295.19,16.2147,213.4249,738.3247,4.89,22.17,2.63,1.43,3.5,8.22,8.57,1874.1,5.49,0.236
2001-08,622.4,15,607.4,1144.5,5225,8.71,7654.1,56.8084,4.64511,2.7,1,3,2,2.586,598.89,,,,,3.625,1.2139,8.39,3.65,,,2004-04,12527.2,770.2333,1374.63,6402.7,9396.53,16.2642,224.7371,754.821,4.94,22.91,3.37,1.95,3.4,9.4,8.92,2082.41,5.92,0.043
2001-09,647.2,34.1,613.1,1193.6,5336.6,10.2,7790.4,59.9022,8.49825,2.6,1,3,2,3.1152,628.35,,,,,3.25,1.6129,8.25,3.07,,,2005-01,12767.3,773.8667,1366.07,6424.9,9524.96,16.4981,207.3518,760.2853,4.88,22.69,3.03,2.47,3.9,9.24,4.77,2037.79,0.38,0.052
2001-10,635.2,19.9,615.2,1159.2,5321.7,9.61,7832.28,58.6617,8.20895,2.1,1,3,2,2.2913,613.73,,,,,2.55,1.8409,8.38,2.49,,,2005-02,12922.7,777.5333,1374.4,6493.3,9682.21,16.6201,200.738,764.2493,5.22,21.73,2.93,2.94,3.6,9.6,4.61,2015.61,1.54,0.235
2001-11,639.5,17.3,622.2,1169,5384.7,10.26,7968.7,58.1123,6.67415,1.9,1,3,2,2.0814,616.32,,,,,2.15,1.869,8.42,2.09,,,2005-03,13142.6,784.5,1368.6,6557.8,9836.5,16.7528,185.014,775.1717,4.98,21.2,3.8,3.46,3.4,9.95,-0.3,2162.87,15.43,0.91
2001-12,650.8,18.5,632.3,1208.5,5465,10.33,8095.88,57.6337,1.82561,1.6,1,3,2,2.7314,625.9,,,,,1.85,1.9805,8.4,1.82,,,2005-04,13324.2,794.6,1378.73,6659.87,10087.1,16.7684,170.9932,786.6577,4.77,18.55,3.67,3.98,3,9.62,-8.23,2186.15,5.07,0.072
2002-01,653.8,19.2,634.6,1191.8,5451,9.61,8090.1,56.4878,-0.01447,1.1,1,3,2,2.2903,632.58,,,,,1.7,2.0076,8.34,1.73,,,2006-01,13599.2,806.4,1377.4,6742.67,10290.22,16.8641,163.1811,794.8607,4.6,20.01,3.67,4.45,3.2,10.56,-8.21,2309,13.34,0.566
2002-02,654.6,18.6,636,1178.3,5470.4,9.36,8121.55,56.313,1.57554,1.1,1,3,2,2.1458,631.47,,,,,1.8,1.8963,8.36,1.74,,,2006-02,13753.4,811.4,1388.23,6836.87,,16.9502,168.7474,800.524,4.86,18.25,3.93,4.91,3,10.69,-0.15,2224.51,10.6,0.291
2002-03,659,18.8,640.2,1196.8,5519.2,8.34,8169.15,56.5294,6.30755,1.5,1,3,2,2.0139,635.77,,,,,1.825,1.7265,8.38,1.73,,,2006-03,13870.2,810.5333,1362.2,6895.2,,17.1124,167.2584,805.1287,4.78,16.93,3.33,5.25,2.3,10.45,4.5,2177.88,0.72,0.322
2002-04,663.4,19.7,643.7,1196.9,5533.4,7,8173.06,56.8,5.80261,1.6,1,3,2,2.5878,641.32,,,,,1.825,1.7882,8.34,1.75,,,2006-04,14039.6,817.7667,1372.17,7029.17,,17.1682,165.0651,813.163,4.89,18,1.97,5.24,2.6,10.47,8.53,2404.59,10.02,0.067
2002-05,668.6,19.2,649.5,1186,5499.8,7.57,8157.4,58.5347,7.97895,1.2,1,3,2,2.6187,646.83,,,,,1.7833,1.9005,8.23,1.75,,,2007-01,14215.7,821.3,1364.97,7138.5,,17.3088,164.5724,824.318,5.24,16.16,2.43,5.25,1.5,9.53,8.94,2433.91,5.42,0.027
2002-06,674,18.2,655.8,1194.7,5537.8,7.21,8190.55,63.6523,18.3055,1.1,1,3,2,2.3419,652.09,,,,,1.8,1.9335,8.22,1.75,,,2007-02,14402.1,825.3,1382.9,7274.2,,17.4507,165.7309,827.6383,6.97,16.26,2.67,5.25,1.9,9.49,7.33,2577.61,16.03,0.204
2002-07,679.3,18.3,661,1200.4,5578.7,7.41,8191.86,63.7093,16.48728,1.5,1,3,2,2.3481,657.73,,,,,1.75,2.0964,8.21,1.73,,,2007-03,14564.1,828.6333,1365.9,7334.23,,17.576,170.4848,830.004,4.76,17.57,2.33,5.07,2.4,9.63,7.98,2614.71,20.09,0.202
2002-08,679.8,18.7,661.1,1182.3,5621.7,7.53,8265.2,64.5356,13.60223,1.8,1,3,2,2.1315,656.24,,,,,1.725,2.1236,8.27,1.74,,,2007-04,14715.1,833.5,1378.27,7439.87,,17.6546,178.0345,839.03,4.84,17.16,4.03,4.5,2.2,9.2,12.33,2724.12,13.35,48.636
2002-09,680.4,19,661.4,1185.8,5646.5,5.75,8283.1,64.818,8.20652,1.5,1,3,2,2.0411,659.22,,,,,1.75,1.8655,8.3,1.75,,,2008-01,14706.5,831.0333,1380.97,7602.33,,17.6966,188.0616,842.581,5.24,20.14,4.13,3.18,1.4,8.66,14.45,2313.48,-4.96,111.292
2002-10,681.9,19.2,662.7,1196.6,5685.3,6.81,8314.45,64.4577,9.88036,2,1,3,2,2.0053,659.75,,,,,1.75,2.0291,8.34,1.75,,,2008-02,14865.7,835.0333,1403.47,7736.13,,17.8025,192.1581,846.329,4.71,18.38,4.3,2.08,1.4,6.4,15.87,2409.48,-6.5,174.189
2002-11,688.5,20.3,668.2,1205.3,5757.5,6.87,8484.45,64.6295,11.21492,2.2,1,3,2,2.0306,665.56,,,,,1.375,2.1253,8.36,1.34,,,2008-03,14899,868.1,1420.17,7767.77,,17.1628,186.1031,888.466,4.99,29.56,5.27,1.94,0.2,5.04,9.22,2261.65,-13.35,200.02
2002-12,699.2,20.9,678.3,1245.5,5804,6.22,8626.84,67.9624,17.92136,2.4,1,3,2,1.9512,676.1,,,,,1.3,2.1962,8.3,1.24,,,2008-04,14608.2,1415.03,1536.2,8055.37,,10.3236,187.6663,1970.38,50.78,538.65,1.6,0.51,-2.5,1.8,-9.07,1611.18,-40.88,544.01
2003-01,699.3,21.1,678.2,1225.5,5793.5,6.43,8603.63,67.3911,19.30203,2.6,1,3,2,2.079,679,5.65,26.14,,2.75,1.25,2.3052,8.28,1.24,2.25,,2009-01,14430.9,1640.33,1575.87,8340.9,,8.7975,190.3968,1939.51,46.01,727.88,-0.17,0.18,-3.3,-0.29,-13.09,1460.95,-36.83,536.358
2003-02,701,20.7,680.2,1225.5,5820.8,6.52,8632.25,67.5369,19.93117,3,1,3,2,2.1065,677.96,4.64,23.26,2.25,2.75,1.25,2.2747,8.3,1.26,2.25,,2009-02,14381.2,1737.33,1635.77,8437.13,,8.2777,205.2179,2050.94,58.12,849.36,-0.93,0.18,-4,-1.29,-12.81,1775.56,-26.15,318.67
2003-03,705.3,21.4,683.9,1245.1,5882.1,6.66,8683.86,69.0063,22.0715,3,1,3,2,1.9033,682.29,4.95,22.24,2.25,2.75,1.225,2.2333,8.34,1.25,2.25,,2009-03,14448.9,1728.53,1649.97,8396.4,,8.3591,310.9501,2007.84,53.21,807.82,-1.63,0.15,-3.1,-2.96,-4.52,2036.66,-9.53,207.18
2003-04,709.6,22.3,687.2,1259.6,5938.5,7.34,8716.05,69.3618,22.11577,2.2,1,3,2,1.9895,691.69,8.35,25.66,2.25,2.75,1.25,2.3362,8.37,1.26,2.25,,2009-04,14651.2,1995.7,1690.6,8490.43,,7.3414,367.3468,2135.95,68.28,1073.73,1.5,0.12,0.1,-2.73,12.2,2152.95,34.13,96.618
2003-05,713.7,23,690.7,1266.6,5938.2,7.93,8724.53,71.2428,21.7103,2.1,1,3,2,1.8385,694.74,6.42,24.64,2.25,2.75,1.25,2.1538,8.32,1.26,2.25,,2010-01,14764.6,2063.27,1696.3,8516.47,,7.1559,353.6506,2224.11,88.98,1135.69,2.37,0.13,1.8,-2.49,6.2,2261.19,54.92,11.523
2003-06,715,22.5,692.5,1284.7,5992.4,8.1,8783.94,70.6166,10.94118,2.1,1,3,2,2.2847,696.35,6.39,23.74,2.2,2.5,1.15,2.1071,8.38,1.22,2,,2010-02,14980.2,2009.7,1718.83,8597.47,,7.4539,342.0467,2288.24,44.84,1059.11,1.77,0.19,2.9,-2.59,-6.35,2275.82,28.49,0.673
2003-07,717.6,23.4,694.2,1287.9,6035.3,8.12,8848.6,69.5719,9.20219,2.1,1,3,2,1.6263,697.97,6,25.75,2,2.5,1.05,2.5014,8.41,1.01,2,,2010-03,15141.6,1983.07,1733.13,8611.37,,7.6354,357.5498,2273.73,38.94,1029.98,1.2,0.19,3.3,-2.02,-9.58,2245.78,10.26,0.296
2003-08,720.9,25.4,695.5,1292.2,6091.8,8.33,8908.3,69.3795,7.50578,2.2,1,3,2,1.8526,698.91,6.02,25.04,2,2.5,1.075,2.581,8.45,1.03,2,,2010-04,15309.5,1983.93,1822.5,8781.17,,7.7167,364.9837,2287.36,45.17,1012.77,1.23,0.19,2.8,-1.33,-7.98,2552.84,18.67,0.221
2003-09,721.1,24.1,696.9,1286.2,6063.9,7.37,8871.14,73.3891,13.22323,2.3,1,3,2,1.9805,701.2,5.91,25.42,2,2.5,1.05,2.5681,8.41,1.01,2,,2011-01,15351.4,2218.27,1874.57,8912.57,,6.9204,374.7893,2456.54,72.18,1226.93,2.13,0.15,2,-0.86,-1.04,2754.47,22.01,0.058
2003-10,724.8,23,701.7,1288.8,6048.3,6.37,8852.03,73.1074,13.41926,2,1,3,2,1.7886,702.83,5.1,26.25,2,2.5,1.05,2.5427,8.34,1.01,2,,2011-02,15557.5,2570.77,1935.43,9065.03,,6.0517,404.4712,2695.21,89.3,1550.34,3.37,0.09,1.7,-0.27,13.24,2827.45,24.62,0.12
2003-11,730.6,23.4,707.2,1293.9,6077,5.54,8886.68,74.3282,15.00663,1.8,1,3,2,1.9308,706.33,4.95,22.46,2,2.5,1.05,2.3733,8.32,1,2,,2011-03,15647.7,2660.07,2065.17,9409.57,,5.8824,415.7207,2816.63,41.32,1626.96,3.73,0.08,0.9,-0.11,9.14,2583.75,15.41,0.11
2003-12,739.4,23,716.4,1332.5,6098.6,5.12,8924.44,74.8941,10.19924,1.9,1,3,2,2.2235,716.41,5.48,22.61,2,2.5,1.05,2.3605,8.25,0.98,2,,2011-04,15842.3,2620.93,2166.87,9637.47,,6.0445,413.5536,2808.88,51.64,1564.21,3.37,0.07,1.5,0.45,-0.81,2636.63,3.38,0.196
2004-01,736.4,22.7,713.7,1301.8,6058.9,4.67,8931.65,74.2117,10.1209,1.9,1,3,2,1.907,713.94,5.83,26.81,2,2.5,1.025,2.3895,8.23,1,2,,2012-01,16068.8,2663.47,2216.57,9817.33,,6.033,414.1161,2865.4,70.71,1590.95,2.83,0.1,2.6,0.68,-4.1,2957.43,7.34,0.006
2004-02,735.3,21.8,713.5,1306.7,6089,4.68,8974.63,73.6964,9.12031,1.7,1,3,2,1.9872,712.5,5.3,19.93,2,2.5,1.05,2.3442,8.28,1.01,2,,2012-02,16207.1,2625.03,2262.67,9930.87,,6.1741,418.0347,2818.09,87.28,1523.19,1.9,0.15,2.4,0.89,-10.86,2936.25,3.85,0.077
2004-03,736.8,22.7,714,1337.9,6168.5,4.93,9091.2,74.1466,7.44913,1.7,1,3,2,1.7043,714.12,5.16,23.13,2,2.5,1.025,2.2487,8.37,1,2,,2012-03,16319.5,2631.13,2335.73,10080.03,,6.2025,420.837,2797.93,47.19,1520.68,1.67,0.14,2.6,1.64,-11.23,3040.9,18.19,0.126
2004-04,741.2,24.3,716.9,1343.2,6235.9,4.96,9177.28,71.0452,2.42708,2.3,1,3,2,1.8528,719.19,5.47,27.08,2,2.5,1.0333,2.2767,8.41,1,2,,2012-04,16420.4,2644.83,2447.03,10373.4,,6.2085,420.5556,2810.57,47.27,1497.41,1.93,0.16,1.6,1.97,-3.7,3002.33,13.9,0.07
2004-05,745,24.2,720.8,1333.4,6249.6,5.18,9227.44,71.7586,0.72408,3.1,1,3,2,2.2141,721.97,5.05,24.88,2,2.5,1.075,2.182,8.39,1,2,,2013-01,16629.1,2840.67,2478.07,10537.83,,5.8539,413.9378,3011.99,54.65,1680.05,1.73,0.14,1.6,1.93,0.65,3189.95,7.96,0.009
2004-06,750.7,23.5,727.2,1347.7,6272.8,4.58,9287.05,71.6081,1.40409,3.3,1,3,2,2.5741,728.33,5.42,25.48,2.01,2.75,1.2,1.9705,8.36,1.03,2.25,,2013-02,16699.6,3110.03,2528.1,10625.93,,5.3696,403.4158,3305.07,86.19,1918.03,1.4,0.12,1.3,2.37,1.86,3395.98,15.82,0.12
2004-07,757.3,23.3,734,1338.8,6279.1,4,9252.85,70.3308,1.09072,3,1,3,2,2.2558,734.48,4.4,24.27,2.25,2.75,1.375,1.8595,8.29,1.26,2.25,,2013-03,16911.1,3392.23,2545.63,10742.07,,4.9852,407.8059,3568.14,59.14,2187.01,1.5,0.09,1.9,2.58,5.88,3662.57,20.48,0.177
2004-08,757.2,22.5,734.7,1352.6,6300.9,3.44,9293.72,71.5593,3.14186,2.7,1,3,2,2.3409,735.21,4.51,17.88,2.43,3,1.475,1.7732,8.32,1.43,2.5,,2013-04,17133.1,3663.87,2647.1,11004.83,,4.6762,403.6492,3841.39,46.32,2442.97,1.2,0.09,2.5,3.04,4.92,4052.06,34.95,0.074
2004-09,762.2,23.4,738.9,1349.1,6334,4.49,9339,71.5348,-2.52662,2.5,1,3,2,2.6768,745.29,5.6,23.93,2.58,3.25,1.7,1.6005,8.31,1.61,2.75,,2014-01,17144.3,3815.93,2727.07,11177.8,,4.4928,400.7816,4086.73,79.71,2556.66,1.43,0.07,1.3,3.6,3.83,4203.66,31.81,0.035
2004-10,763.9,22.6,741.2,1351.4,6355.6,5.11,9324.7,73.1885,0.11084,3.2,1,3,2,2.1458,747.44,5.1,21.3,2.75,3.25,1.9,1.5125,8.32,1.76,2.75,,2014-02,17462.7,3930.3,2805.53,11314.4,,4.4431,400.9086,4268.71,87.6,2641.67,2.1,0.09,2.5,3.95,4.96,4255.12,25.3,0.164
2004-11,770.5,22.4,748.1,1371,6405.1,5.45,9382.86,75.6587,1.78995,3.5,1,3,2,2.2068,754.61,4.74,22.17,2.93,3.5,2.075,1.342,8.31,1.93,3,,2014-03,17743.2,4037.77,2822,11428.37,,4.3943,388.1642,4371.97,64.83,2743.43,1.8,0.09,2.8,3.57,-0.05,4481.14,22.41,0.327
2004-12,776.3,22.8,753.5,1401.5,6447.4,5.79,9482.03,75.89,1.32977,3.3,1,3,2,1.7525,762.41,4.98,24.79,3.15,3.75,2.275,1.2191,8.31,2.16,3.25,,2014-04,17852.5,3922.13,2906.03,11637.87,,4.5517,366.8916,4445.22,113.31,2596.49,1.17,0.1,2.6,3.51,-8.24,4719.47,16.52,0.145
2005-01,775.2,25.7,749.5,1361.5,6404.1,5.74,9477.98,70.3242,-5.23843,3,1,3,2,2.1406,761.47,5,26.73,3.25,3.75,2.4,0.999,8.26,2.28,3.25,,2015-01,17991.3,3962.73,2981.53,11854.27,,4.5401,337.4669,4460.7,114.42,2631.36,-0.1,0.11,3.8,3.57,-17.8,4833.22,14.96,0.049
2005-02,772.9,21.7,751.2,1355,6405.7,5.21,9511.78,69.1265,-6.201,3,1,3,2,2.137,759.45,4.84,19.93,3.49,4,2.55,0.7805,8.29,2.5,3.5,,2015-02,18193.7,3976.13,3010.67,11958.37,,4.5757,328.0348,4441.99,176.06,2615.98,0.03,0.13,3,4.11,-19.26,4999.44,17.58,0.166
2005-03,773.5,21.2,752.2,1381.7,6464.9,4.74,9585.13,67.9011,-8.42323,3.1,1,3,2,2.3342,759.94,4.83,21.66,3.58,4.25,2.7833,0.7709,8.36,2.63,3.75,,2015-03,18307,3991.23,3025.67,12073.83,,4.5868,327.3119,4448.84,168.44,2595.35,0.13,0.13,2.2,4.23,-15.99,4841.65,8.15,0.252
2005-04,775.5,21.9,753.7,1369.4,6508.3,4.28,9663.15,68.4842,-3.60483,3.5,1,3,2,2.4623,761.81,4.98,21.18,3.75,4.25,2.95,0.6871,8.39,2.79,3.75,,2015-04,18332.1,3967.67,3069.73,12298.9,,4.6204,320.3647,4452.68,145.76,2566.21,0.37,0.16,1.9,3.76,-12.37,5056.61,7.16,0.115
2005-05,776.4,20.9,755.5,1369.5,6459.8,3.27,9644.76,66.7013,-7.0477,2.8,1,3,2,2.5781,763.49,5.05,20.6,3.98,4.5,3.075,0.5005,8.32,3,4,,2016-01,18425.3,3854.53,3123.47,12560.1,,4.7802,321.0101,4448.46,278.39,2439.18,0.97,0.36,1.6,4.02,-1.97,4680.58,-3.09,0.058
2005-06,780.7,20,760.7,1384.3,6511.8,3.75,9738.73,65.5525,-8.45656,2.5,1,3,2,2.3619,767.45,5.56,23.08,4.01,4.75,3.175,0.3577,8.34,3.04,4.25,,2016-02,18611.6,3844.97,3238.77,12758.67,,4.8405,327.3033,4438.52,295.68,2387.69,1.13,0.37,1.4,3.51,2.06,4855.36,-2.89,0.2
2005-07,782.9,19.7,763.1,1365.4,6530.7,4.03,9737.4,63.5793,-9.59955,3.2,1,3,2,2.3318,773.43,4.6,20.63,4.25,4.75,3.375,0.3065,8.34,3.26,4.25,,2016-03,18775.5,3775.03,3286.7,12937.67,,4.9736,330.0317,4428.86,285.48,2305.11,1.17,0.39,1.6,4.08,0.36,5229.12,8.26,0.198
2005-08,782.7,19.4,763.3,1376.9,6555,4.11,9833.68,61.2024,-14.47326,3.6,1,3,2,2.4638,773.48,5.28,21.31,4.44,5,3.55,0.2183,8.37,3.5,4.5,,2016-04,18968,3577.83,3346.73,13190.37,,5.3015,323.4477,4420.2,374.32,2090.97,1.83,0.45,2,3.94,-1.49,5298.65,4.8,0.063
2005-09,787.9,19.9,768,1363.5,6587.7,4.08,9938.43,60.2323,-15.80003,4.7,1,3,2,2.3538,778.61,4.99,21.63,4.59,5.25,3.7,0.2529,8.36,3.62,4.75,,2017-01,19153.9,3732.73,3407.97,13359.63,,5.1313,323.1342,4421.6,232.57,2221.77,2.57,0.7,1.8,4.1,-3.33,5783.99,23.63,0.009
2005-10,787.2,18.3,768.9,1365.4,6615,4.16,9995.6,59.1774,-19.1438,4.3,1,3,2,2.8475,778.92,4.81,17.6,4.75,5.25,3.925,0.1925,8.4,3.78,4.75,,2017-02,19322.9,3786.3,3511.3,13520.4,,5.1034,330.6236,4432.7,181.64,2227.06,1.9,0.95,2,4.44,-2.63,6128.85,26.24,0.142
2005-11,793.5,18.3,775.2,1373.6,6655.7,3.99,10076.85,57.7321,-23.69403,3.5,1,3,2,3.051,785,4.62,18.16,5,5.5,4.125,0.1185,8.39,4,5,,2017-03,19558.7,3859.97,3559.67,13647.87,,5.0671,338.9459,4425.5,127.24,2287.8,1.93,1.15,2.3,4.13,5.3,6424.25,22.86,0.196
2005-12,803.1,18.4,784.7,1397.2,6708.9,4.11,10188.85,54.0837,-28.73405,3.4,1,3,2,3.2272,796.05,4.9,19.97,5.15,5.75,4.275,0.0629,8.35,4.16,5.25,,2017-04,19883,3862.87,3619.2,13838.53,,5.1472,336.2303,4415.39,158.16,2277.89,2.1,1.2,2.8,5.35,9.26,6835.01,29,0.134
2006-01,804.2,19.3,784.9,1375.5,6707.1,4.67,10222.64,54.5496,-22.43124,4,1,3,2,2.4028,797.1,4.77,19.81,5.26,6,4.375,0.0205,8.34,4.29,5.5,,2018-01,20143.7,3826.83,3635.47,13914.4,,5.2638,345.1887,4378.05,230.1,2202.83,2.2,1.45,3.1,4.94,15.31,7249.31,25.44,0.017
2006-02,804.9,17.9,787,1362,6724.2,4.91,10271.73,54.3206,-21.41852,3.6,1,3,2,2.5083,791.63,4.63,18.85,5.5,6,4.55,-0.0995,8.35,4.49,5.5,,2018-02,20492.5,3684.13,3670.13,14041.53,,5.5624,339.3599,4311.21,334.85,2030.88,2.67,1.74,3.3,5.51,8.5,7339.56,19.74,0.239
2006-03,810.1,21,789.1,1394.7,6796.7,4.98,10376.3,54.3108,-20.0148,3.4,1,3,2,1.7686,795.85,4.43,21.09,5.53,6.25,4.7,-0.01,8.39,4.59,5.75,,2018-03,20659.1,3587.53,3682.43,14158,,5.7586,339.8292,4210.41,332.76,1919.18,2.67,1.93,3.2,5.5,-0.99,7942.56,23.62,0.271
2006-04,809.2,18.3,790.9,1393.6,6860.1,5.33,,55.8052,-18.5137,3.5,1,3,2,2.683,797.93,4.96,17.61,5.75,6.25,4.9,0.1016,8.48,4.79,5.75,,2018-04,20813.3,3465.97,3734.3,14301.77,,6.005,339.7484,4089.44,342.88,1775.92,2.2,2.22,2.3,4.84,-3.12,7090.57,3.78,0.061
2006-05,812.6,18.2,794.3,1392.1,6798.4,5.15,,56.0493,-15.96968,4.2,1,3,2,2.883,800.95,4.61,18.09,5.93,6.5,5,0.1418,8.37,4.94,6,,2019-01,21001.6,3360.63,3736.97,14466.07,,6.2493,344.2367,3969.67,333.11,1647.18,1.63,2.4,2.2,5.01,-7.61,7514.53,3.75,0.011
2006-06,812.4,17.2,795.2,1379,6852.1,5.21,,56.8929,-13.21015,4.3,1,3,2,2.7448,802.7,5.07,19.1,6.02,6.75,5.125,-0.0155,8.43,4.99,6.25,,2019-02,21289.3,3268.67,3815.47,14644.27,,6.5131,349.4643,3849.35,283.57,1537.6,1.83,2.4,2.1,4.18,-5.7,7851.59,7.11,0.115
2006-07,811.5,16.7,794.8,1368.6,6873.6,5.34,,56.5177,-11.10675,4.1,1,3,2,2.8005,807.07,5.16,16.7,6.25,6.75,5.3,-0.031,8.47,5.24,6.25,,2019-03,21505,3244.8,3864.07,14899.1,,6.6275,351.8431,3751.96,191.55,1488.64,1.77,2.19,2.3,4.27,-4.43,8045.88,1.39,0.107
2006-08,809.7,15.9,793.9,1370.6,6892.3,5.28,,55.5647,-9.21143,3.8,1,3,2,2.8671,804.17,4.54,17.61,6.25,6.75,5.3167,-0.027,8.51,5.25,6.25,,2019-04,21694.5,3331.63,3964.77,15261.37,,6.5117,353.1059,3996.52,354.45,1548.24,2.03,1.65,2.6,3.99,-2.94,8643.48,22.31,0.042
2006-09,810.4,16.1,794.3,1347.4,6919.7,5.15,,55.176,-8.39474,2.1,1,3,2,2.6513,804.14,4.72,16.29,6.25,6.75,5.3,-0.05,8.54,5.25,6.25,,2020-01,21481.4,3593.4,4071.83,15612.1,,5.978,352.0792,4234.02,397.48,1738.14,2.1,1.25,0.8,5.9,-2.96,8472.8,13.01,49.087
2006-10,809.8,15.3,794.5,1360.3,6962.5,5.34,,54.5474,-7.82401,1.3,1,3,2,2.4007,806.84,5.3,17.59,6.25,6.75,5.3,-0.0667,8.6,5.25,6.25,,2020-02,19477.4,4998.7,12522.23,17657.67,,3.8965,361.807,6693.91,1162,3099.88,0.43,0.06,-8.4,6.77,-2.02,9479.4,20.92,7.192
2006-11,816.8,15.4,801.4,1368.5,7024.9,5.61,,55.6639,-3.5824,2,1,3,2,1.8894,812.94,4.68,20.09,6.25,6.75,5.3,-0.1452,8.6,5.25,6.25,,2020-03,21138.6,4796,16917.43,18371.7,,4.4075,386.1973,6950.88,1681.1,2803.66,1.23,0.09,-2,6.27,5.27,11229.41,39.64,3.479
2006-12,826.7,15.6,811.1,1387.7,7100.1,5.83,,54.8539,1.42401,2.5,1,3,2,1.9892,819.71,4.73,15.8,6.25,6.75,5.3,-0.109,8.59,5.24,6.25,,2020-04,21477.6,5072.2,17637.73,18972.53,,4.2344,392.4362,7166.28,1598.5,3038.09,1.2,0.09,-1.5,6.43,7.64,11999.54,38.67,1.602
2007-01,823,15.7,807.3,1369,7098.2,5.73,,54.0223,-0.96666,2.1,1,3,2,2.6838,822.03,5.63,16.26,6.25,6.75,5.275,-0.1167,8.62,5.25,6.25,,2021-01,22038.2,5511.27,18356.63,19614.07,,3.9988,393.3411,7463.73,1432.6,3431.03,1.93,0.08,1.2,5.01,9.44,13169.97,56.28,0.828
2007-02,820,14.7,805.4,1347.5,7109.7,5.58,,55.0406,1.32533,2.4,1,3,2,2.6396,824.1,5.21,16.33,6.25,6.75,5.3,-0.1263,8.67,5.26,6.25,,2021-02,22741,6037,19188.67,20343.53,,3.7669,389.9922,7837.81,853.78,3847.49,4.8,0.07,12.5,4.11,9.48,14071.79,48.71,0.5
2007-03,820.9,14.5,806.4,1378.4,7207.6,5.86,,55.5096,2.2072,2.8,1,3,2,2.7977,826.83,4.76,15.87,6.25,6.75,5.2833,-0.0091,8.78,5.26,6.25,,2021-03,23202.3,6282.57,19672.5,20769.3,,3.6931,611.1741,8249.05,407.07,4096.83,5.3,0.09,5,4.87,0.73,14793.5,31.84,0.835
2007-04,823,15.3,807.6,1392.3,7296.5,6.34,,55.6785,-0.22711,2.6,1,3,2,2.7184,825.83,6.8,14.58,6.25,6.75,5.275,0.0276,8.87,5.25,6.25,,2021-04,24002.8,6379.57,20293.23,21364.3,,3.7624,720.7708,8581.95,168.05,4167.36,6.7,0.08,5.7,5.94,-4.01,15560.35,30.27,0.555
2007-05,825.7,15.9,809.8,1385.6,7241,6.44,,54.9664,-1.932,2.7,1,3,2,2.9243,829.63,8.63,17.57,6.25,6.75,5.275,-0.02,8.77,5.25,6.25,,2022-01,24386.7,6092.8,20626,21694.27,,4.0025,716.268,8841.5,612.86,3846.74,8,0.12,3.7,6.53,-6.88,14070.6,6.84,0.588
2007-06,827.2,15.4,811.8,1370.8,7285.1,6.34,,55.086,-3.17601,2.7,1,3,2,3.2146,827.45,5.05,16.28,6.25,6.75,5.3,0.1224,8.81,5.25,6.25,,2022-02,24882.9,5661.1,20630.3,21698.57,,4.3954,688.7209,8901.91,788.12,3353.33,8.57,0.77,1.8,,-11.67,11814.92,-15.92,2.436
2007-07,828.9,15.1,813.9,1368.6,7287.9,6.14,,55.9882,-0.93702,2.4,1,3,2,2.6144,828.87,4.52,14.99,6.25,6.75,5.3,0.1852,8.79,5.26,6.25,,2022-03,,,,,,,669.1758,8824.77,612.21,3221.36,8.3,2.18,,,-14.59,11594.17,-21.64,
2007-08,829.6,17.9,811.7,1372.8,7347.2,6.77,,56.4673,1.62429,2,1,3,2,2.6534,830.12,4.96,15.56,6.01,6.25,5.2667,0.3617,8.86,5.02,5.75,,,,,,,,,,,,,,,,,,,,
2007-09,827.4,15.4,812,1356.3,7367.6,6.61,,58.0293,5.1714,2.8,1,3,2,2.574,831.02,4.77,22.66,5.53,5.75,5.25,0.51,8.9,4.94,5.25,,,,,,,,,,,,,,,,,,,,
2007-10,829,15.1,813.9,1369.4,7378.6,6.06,,58.5854,7.40277,3.5,1,3,2,2.2921,834.08,4.79,17.68,5.24,5.75,4.95,0.56,8.9,4.76,5,,,,,,,,,,,,,,,,,,,,
2007-11,834.3,15.2,819.1,1370.5,7436.8,5.88,,59.9249,7.65491,4.3,1,3,2,2.632,840.47,5.12,18.93,5,5.5,4.725,0.812,8.91,4.49,5,,,,,,,,,,,,,,,,,,,,
2007-12,837.2,14.9,822.3,1394.9,7504.2,5.66,,59.5242,8.51418,4.1,1,3,2,2.5438,842.55,4.63,14.74,4.83,5.25,4.775,0.9805,8.96,4.24,4.75,,,,,,,,,,,,,,,,,,,,
2008-01,830.6,15.4,815.2,1375.9,7502.6,5.57,,60.9756,12.87113,4.3,1,3,2,2.4666,844.35,5.65,27.08,4.48,4.5,4.0667,1.2686,9.03,3.94,3.5,,,,,,,,,,,,,,,,,,,,
2008-02,829.5,14.9,814.6,1365.9,7585.2,6.53,,62.363,13.30365,4,1,3,2,2.2978,837.58,4.86,14.98,3.5,4.5,3.025,1.7645,9.14,2.98,3.5,,,,,,,,,,,,,,,,,,,,
2008-03,833,16.5,816.4,1401.1,7719.2,6.94,,64.7231,16.59805,4,1,3,2,1.9337,845.82,5.09,16.62,3.04,3.375,2.75,1.893,9.27,2.61,2.5,,,,,,,,,,,,,,,,,,,,
2008-04,830.2,16.3,813.9,1406.6,7767.6,6.47,,63.3306,13.74335,3.9,1,3,2,2.0175,842.15,4.92,17.46,2.49,3.375,2.55,1.6277,9.36,2.28,2.25,,,,,,,,,,,,,,,,,,,,
2008-05,834.7,16.6,818,1396.5,7709.1,6.43,,64.1289,16.66925,4.2,1,3,2,2.2868,845.93,4.65,21.14,2.25,2.75,2.375,1.4343,9.24,1.98,2.25,,,,,,,,,,,,,,,,,,,,
2008-06,840.2,16.7,823.5,1407.3,7731.7,6.19,,64.6986,17.45023,5,1,3,2,2.7285,850.91,4.51,16.78,2.25,2.75,2.35,1.3257,9.2,2,2.25,,,,,,,,,,,,,,,,,,,,
2008-07,847,16.6,830.4,1417.7,7745,6.38,,63.7908,13.93627,5.6,1,3,2,2.949,863.12,4.7,18.17,2.25,2.75,2.4,1.4345,9.14,2.01,2.25,,,,,,,,,,,,,,,,,,,,
2008-08,847.6,16.6,831,1401.3,7742.7,5.49,,61.5194,8.94691,5.4,1,3,2,3.0525,863.86,4.92,16.51,2.25,2.75,2.4,1.4652,9.13,2,2.25,,,,,,,,,,,,,,,,,,,,
2008-09,909.7,74.6,835.1,1441.5,7815.6,6.16,,60.793,4.7625,4.9,1,3,2,2.7309,938.42,5.43,56.85,2.25,2.75,2.625,1.61,8.59,1.81,2.25,,,,,,,,,,,,,,,,,,,,
2008-10,1136.4,284.6,851.8,1462.6,7922.1,7.39,,58.7219,0.23304,3.7,1,3,2,1.6072,1635.36,21.98,257.47,1.81,2,2.9,2.2018,6.97,0.97,1.25,,,,,,,,,,,,,,,,,,,,
2008-11,1442.3,576.8,865.4,1513.7,8012.5,7.71,,62.3374,4.02579,1.1,1,3,2,0.7846,2106.38,39.36,584.91,1.25,2,1.6,2.3139,5.56,0.39,1.25,,,,,,,,,,,,,,,,,,,,
2008-12,1666.4,788,878.3,1632.3,8231.5,9.64,,66.607,11.89897,0.1,1,3,2,0.283,2169.39,88.72,782.83,0.86,1,1.225,1.5955,4.94,0.16,0.5,,,,,,,,,,,,,,,,,,,,
2009-01,1712,825.4,886.6,1580.7,8276.4,10.24,,64.3225,5.48898,0,1,3,2,0.4736,2034.18,44.82,805.59,0.5,1,0.6333,1.7105,4.83,0.15,0.5,,,,,,,,,,,,,,,,,,,,
2009-02,1561.7,666.6,895.1,1552,8305.2,9.39,,62.1577,-0.32909,0.2,1,3,2,0.3816,1843.98,28.4,664.33,0.5,1,0.7,1.8947,5.32,0.22,0.5,,,,,,,,,,,,,,,,,,,,
2009-03,1647.3,745.9,901.4,1594.9,8441.1,9.31,,63.9165,-1.24618,-0.4,1,3,2,-0.4807,1940.38,64.82,713.73,0.5,1,0.65,1.8882,5.12,0.18,0.5,,,,,,,,,,,,,,,,,,,,
2009-04,1753.2,849.6,903.6,1627.7,8441.5,8.75,,64.0735,1.17315,-0.7,1,3,2,1.2289,2069.61,62.46,860.53,0.5,1,0.525,2,4.81,0.15,0.5,,,,,,,,,,,,,,,,,,,,
2009-05,1775.1,869.3,905.8,1617.9,8428.6,9.33,,70.6968,10.24161,-1.3,1,3,2,1.2972,2073.86,44.21,897.4,0.5,1,0.425,2.3635,4.75,0.18,0.5,,,,,,,,,,,,,,,,,,,,
2009-06,1683.7,776.2,907.5,1661.7,8441.3,9.21,,70.4476,8.8857,-1.4,1,3,2,1.2745,2009.35,66.62,787.36,0.5,1,0.3,2.5377,5.01,0.21,0.5,,,,,,,,,,,,,,,,,,,,
2009-07,1673.6,763.6,910,1657.6,8407.6,8.61,,71.8902,12.69681,-2.1,1,3,2,1.5522,1972.43,59.94,762.55,0.5,1,0.2667,2.5432,5.02,0.16,0.5,,,,,,,,,,,,,,,,,,,,
2009-08,1710.8,799.6,911.1,1651.3,8386.7,8.41,,115.805,88.24158,-1.5,1,3,2,2.0245,1984.88,37.6,795.61,0.5,1,0.25,2.4719,4.9,0.16,0.5,,,,,,,,,,,,,,,,,,,,
2009-09,1801.2,888,913.2,1641,8394.9,7.44,,123.2549,102.74536,-1.3,1,3,2,2.3608,2066.2,58.97,862.86,0.5,1,0.2,2.4457,4.66,0.15,0.5,,,,,,,,,,,,,,,,,,,,
2009-10,1936.3,1021.2,915.1,1664.3,8426.4,6.35,,123.649,110.56711,-0.2,1,3,2,1.6284,2108.84,37.72,1040.38,0.5,1,0.2,2.4386,4.35,0.12,0.5,,,,,,,,,,,,,,,,,,,,
2009-11,2024.6,1105.3,919.4,1683.1,8501.2,6.05,,123.9789,98.88382,1.8,1,3,2,1.807,2132.24,54.95,1096.8,0.5,1,0.15,2.5995,4.2,0.12,0.5,,,,,,,,,,,,,,,,,,,,
2009-12,2026.2,1101.8,924.4,1724.4,8543.7,3.71,,119.7189,79.73916,2.7,1,3,2,1.7866,2166.77,103.39,1081.95,0.5,1,0.15,2.7155,4.22,0.12,0.5,,,,,,,,,,,,,,,,,,,,
2010-01,1995,1073.6,921.3,1674.2,8464.4,2.23,,118.9192,84.87958,2.6,1,3,2,1.6958,2198.18,146.98,1083.38,0.5,1,0.15,2.8042,4.24,0.11,0.5,,,,,,,,,,,,,,,,,,,,
2010-02,2115.2,1186.6,928.6,1685.2,8508.4,2.46,,118.2517,90.24453,2.1,1,3,2,1.7316,2221.26,63.31,1183.49,0.59,1.25,0.15,2.8342,4.02,0.13,0.75,,,,,,,,,,,,,,,,,,,,
2010-03,2079.6,1146.7,932.9,1729.5,8576.6,1.62,,116.4797,82.23727,2.3,1,3,2,1.9701,2252.89,63.12,1139.31,0.75,1.25,0.175,2.7687,4.12,0.16,0.75,,,,,,,,,,,,,,,,,,,,
2010-04,2014.4,1079.5,935,1716,8601.8,1.94,,115.4404,80.16859,2.2,1,3,2,1.5872,2277.8,37.14,1071.59,0.75,1.25,0.225,2.7864,4.27,0.2,0.75,,,,,,,,,,,,,,,,,,,,
2010-05,2012.3,1073.8,938.5,1708.2,8584.2,1.89,,113.1333,60.02618,2,1,3,2,1.563,2293.88,33.29,1077.43,0.75,1.25,0.275,2.5895,4.27,0.2,0.75,,,,,,,,,,,,,,,,,,,,
2010-06,2002.4,1061.6,940.9,1732.3,8606.4,2,,113.473,61.07442,1.1,1,3,2,1.3532,2293.05,60.24,1034.46,0.75,1.25,0.35,2.4795,4.3,0.18,0.75,,,,,,,,,,,,,,,,,,,,
2010-07,1994.3,1049.5,944.8,1718.4,8576.9,2.06,,118.0861,64.25894,1.2,1,3,2,0.9628,2286.8,24.66,1057.39,0.75,1.25,0.3167,2.3948,4.3,0.18,0.75,,,,,,,,,,,,,,,,,,,,
2010-08,1993.7,1046.6,947,1739.6,8607.7,2.65,,117.4057,1.3822,1.1,1,3,2,1.3411,2275.42,26.76,1048.4,0.75,1.25,0.25,2.1782,4.32,0.19,0.75,,,,,,,,,,,,,,,,,,,,
2010-09,1961.2,1009.2,952.1,1741.4,8649.5,3.03,,122.058,-0.9711,1.1,1,3,2,0.9071,2258.97,60.1,993.32,0.75,1.25,0.25,2.1676,4.41,0.19,0.75,,,,,,,,,,,,,,,,,,,,
2010-10,1961.7,1000.9,960.8,1767.4,8710.4,3.29,,124.3507,0.56744,1.2,1,3,2,1.3653,2256.53,36.15,1008.61,0.75,1.25,0.25,2.164,4.44,0.19,0.75,,,,,,,,,,,,,,,,,,,,
2010-11,1973.1,1000.1,973,1828.7,8775.5,3.17,,119.2412,-3.82142,1.1,1,3,2,1.3962,2265.88,26.76,1001.56,0.75,1.25,0.225,2.309,4.45,0.19,0.75,,,,,,,,,,,,,,,,,,,,
2010-12,2017,1037.3,979.7,1871.4,8857.6,3.6,,121.3918,1.39739,1.5,1,3,2,1.4939,2339.67,67.1,1025.08,0.75,1.25,0.25,2.6727,4.39,0.18,0.75,,,,,,,,,,,,,,,,,,,,
2011-01,2047.9,1068.6,979.3,1855.6,8850,4.32,,122.9021,3.34924,1.6,1,3,2,1.79,2390.91,92.4,1070.32,0.75,1.25,0.25,2.7795,4.32,0.17,0.75,,,,,,,,,,,,,,,,,,,,
2011-02,2211.6,1221.6,990,1858.7,8887.1,4.46,,123.6137,4.53437,2.1,1,3,2,1.9547,2446.67,64.52,1195.87,0.75,1.25,0.225,2.8037,4.02,0.16,0.75,,,,,,,,,,,,,,,,,,,,
2011-03,2395.3,1393.8,1001.6,1909.4,9000.6,5.16,,128.2735,10.12521,2.7,1,3,2,2.1064,2532.05,62.13,1377.06,0.75,1.25,0.2,2.717,3.76,0.14,0.75,,,,,,,,,,,,,,,,,,,,
2011-04,2496.6,1486.7,1009.9,1918,9055.6,5.5,,131.9475,14.29928,3.2,1,3,2,2.0757,2617.99,76.27,1489.21,0.75,1.25,0.175,2.7205,3.63,0.1,0.75,,,,,,,,,,,,,,,,,,,,
2011-05,2567.2,1549,1018.2,1934.2,9025.6,5.65,,135.9049,20.12806,3.6,1,3,2,2.2923,2691.63,99.15,1538.23,0.75,1.25,0.15,2.6133,3.52,0.09,0.75,,,,,,,,,,,,,,,,,,,,
2011-06,2648.5,1625,1023.6,1954.1,9113.9,6.3,,136.6188,20.39761,3.6,1,3,2,2.1177,2775.99,91.83,1608.94,0.75,1.25,0.15,2.5918,3.44,0.09,0.75,,,,,,,,,,,,,,,,,,,,
2011-07,2684.8,1654.9,1029.9,1994.5,9266.6,8.1,,138.6625,17.4249,3.6,1,3,2,2.4323,2824.36,67.47,1659.01,0.75,1.25,0.15,2.5965,3.45,0.07,0.75,,,,,,,,,,,,,,,,,,,,
2011-08,2657.7,1623.7,1034,2101.9,9461.8,9.67,,139.6127,18.91477,3.8,1,3,2,1.5113,2814.93,21.83,1625.02,0.75,1.25,0.2,2.0726,3.56,0.1,0.75,,,,,,,,,,,,,,,,,,,,
2011-09,2637.7,1599.6,1038.1,2099.1,9500.3,9.52,,137.4456,12.60677,3.9,1,3,2,1.0089,2810.6,39.52,1597.34,0.75,1.25,0.2,1.7638,3.6,0.08,0.75,,,,,,,,,,,,,,,,,,,,
2011-10,2637.8,1595.1,1042.7,2128.1,9550.1,9.29,,139.6541,12.30665,3.5,1,3,2,1.4656,2806.81,43.22,1605.43,0.75,1.25,0.2,1.8715,3.62,0.07,0.75,,,,,,,,,,,,,,,,,,,,
2011-11,2605.4,1548.7,1056.8,2164.4,9633.1,9.61,,136.9873,14.88252,3.4,1,3,2,1.5052,2780.87,50.6,1534.41,0.75,1.25,0.225,1.76,3.7,0.08,0.75,,,,,,,,,,,,,,,,,,,,
2011-12,2619.6,1552.6,1067,2208.1,9729.2,9.75,,136.9122,12.78539,3,1,3,2,1.7117,2838.98,61.35,1560.24,0.75,1.25,0.2833,1.721,3.71,0.07,0.75,,,,,,,,,,,,,,,,,,,,
2012-01,2640.8,1571.2,1069.6,2209.2,9761.9,10.32,,138.2388,12.47879,2.9,1,3,2,1.4714,2869.87,93.31,1572.76,0.75,1.25,0.25,1.726,3.7,0.08,0.75,,,,,,,,,,,,,,,,,,,,
2012-02,2694.4,1611.8,1082.6,2194.5,9787,10.11,,137.8405,11.50911,2.9,1,3,2,1.5014,2884.11,63.69,1622.29,0.75,1.25,0.2,1.6895,3.63,0.1,0.75,,,,,,,,,,,,,,,,,,,,
2012-03,2655.2,1559.8,1095.4,2246,9903.1,9.92,,138.0368,7.61132,2.7,1,3,2,1.3621,2842.22,56.87,1569.97,0.75,1.25,0.2,1.8282,3.73,0.13,0.75,,,,,,,,,,,,,,,,,,,,
2012-04,2639.8,1539.9,1100,2268.6,9948.9,9.77,,141.4216,7.18021,2.3,1,3,2,1.6869,2825.36,74.5,1543.19,0.75,1.25,0.2,1.761,3.77,0.14,0.75,,,,,,,,,,,,,,,,,,,,
2012-05,2616.5,1512.2,1104.3,2248.4,9882.9,9.4,,137.8238,1.41194,1.7,1,3,2,1.5903,2813.76,97.71,1512.29,0.75,1.25,0.2167,1.5182,3.78,0.16,0.75,,,,,,,,,,,,,,,,,,,,
2012-06,2618.8,1509.5,1109.2,2271,9960.8,9.27,,138.7893,1.58876,1.7,1,3,2,0.7893,2815.16,87.02,1516.81,0.75,1.25,0.25,1.3305,3.8,0.16,0.75,,,,,,,,,,,,,,,,,,,,
2012-07,2647.8,1534.2,1113.6,2314.6,10005.9,7.89,,138.3425,-0.23075,1.4,1,3,2,1.2966,2821.9,67.43,1535.16,0.75,1.25,0.25,1.2786,3.78,0.16,0.75,,,,,,,,,,,,,,,,,,,,
2012-08,2650.7,1533,1117.8,2334.6,10069,6.45,,140.4601,0.607,1.7,1,3,2,1.3701,2797.31,27.48,1541.15,0.75,1.25,0.2,1.4096,3.8,0.13,0.75,,,,,,,,,,,,,,,,,,,,
2012-09,2594.9,1468.7,1126.2,2358,10165.2,7.06,,142.0343,3.3386,2,1,3,2,1.9315,2774.58,51.6,1480.61,0.75,1.25,0.2,1.4679,3.92,0.14,0.75,,,,,,,,,,,,,,,,,,,,
2012-10,2611.8,1476.7,1135,2416.2,10245.8,7.37,,141.1873,1.09783,2.2,1,3,2,1.6131,2781.09,69.67,1461.66,0.75,1.25,0.2,1.469,3.92,0.16,0.75,,,,,,,,,,,,,,,,,,,,
2012-11,2646.8,1497.5,1149.3,2415.2,10343,7.54,,140.2345,2.37043,1.8,1,3,2,1.6632,2800.75,20.64,1517.63,0.75,1.25,0.2,1.386,3.91,0.16,0.75,,,,,,,,,,,,,,,,,,,,
2012-12,2675.9,1517.4,1158.5,2509.7,10531.4,8.28,,139.1339,1.62268,1.7,1,3,2,2.1029,2849.86,45.88,1521.89,0.75,1.25,0.2,1.462,3.94,0.16,0.75,,,,,,,,,,,,,,,,,,,,
2013-01,2741.7,1582.5,1159.2,2481.3,10506.6,7.67,,140.8539,1.89171,1.6,1,3,2,1.3156,2912.81,72.3,1583.96,0.75,1.25,0.2,1.6495,3.83,0.14,0.75,,,,,,,,,,,,,,,,,,,,
2013-02,2845.3,1680.1,1165.2,2455.7,10480,7.12,,137.7963,-0.03205,2,1,3,2,1.3608,3011.46,36.79,1696.79,0.75,1.25,0.2,1.7168,3.68,0.15,0.75,,,,,,,,,,,,,,,,,,,,
2013-03,2935,1760.4,1174.7,2497.2,10626.9,7.32,,135.2876,-1.99164,1.5,1,3,2,1.0049,3111.71,50.44,1783.43,0.75,1.25,0.2,1.7015,3.62,0.14,0.75,,,,,,,,,,,,,,,,,,,,
2013-04,3011.7,1833,1178.8,2542.3,10655.8,7.09,,135.7536,-4.00791,1.1,1,3,2,1.4563,3214.41,100.34,1821.98,0.75,1.25,0.175,1.5268,3.54,0.15,0.75,,,,,,,,,,,,,,,,,,,,
2013-05,3116.9,1930.7,1186.2,2518.5,10578.7,7.05,,133.0006,-3.49949,1.4,1,3,2,1.178,3307.03,85.45,1926.67,0.75,1.25,0.15,1.6777,3.39,0.11,0.75,,,,,,,,,,,,,,,,,,,,
2013-06,3201.5,2010.6,1190.9,2523.5,10643.3,6.86,,134.6616,-2.97408,1.8,1,3,2,1.3532,3393.76,72.97,2003.28,0.75,1.25,0.15,1.9665,3.32,0.09,0.75,,,,,,,,,,,,,,,,,,,,
2013-07,3290.9,2094.2,1196.7,2543.7,10682.3,6.76,,136.3857,-1.41447,2,1,3,2,1.003,3483.92,81.83,2099.13,0.75,1.25,0.15,2.2414,3.25,0.09,0.75,,,,,,,,,,,,,,,,,,,,
2013-08,3398.9,2199.1,1199.9,2537.4,10738,6.61,,134.7144,-4.09065,1.5,1,3,2,1.7974,3572.87,46.61,2206.15,0.75,1.25,0.15,2.3809,3.16,0.08,0.75,,,,,,,,,,,,,,,,,,,,
2013-09,3486.9,2281.1,1205.8,2555.8,10805.9,6.28,,136.7058,-3.75157,1.2,1,3,2,2.2024,3647.64,43.33,2277.72,0.75,1.25,0.15,2.4055,3.1,0.08,0.75,,,,,,,,,,,,,,,,,,,,
2013-10,3589.5,2375,1214.6,2618.4,10933,6.71,,136.0449,-3.64221,1,1,3,2,1.5555,3749.56,35.84,2378.61,0.75,1.25,0.1333,2.2805,3.05,0.09,0.75,,,,,,,,,,,,,,,,,,,,
2013-11,3684.6,2463,1221.6,2607.2,10977.2,6.11,,134.0708,-4.39526,1.2,1,3,2,1.4506,3841.11,39.54,2474.4,0.75,1.25,0.125,2.4147,2.98,0.08,0.75,,,,,,,,,,,,,,,,,,,,
2013-12,3717.5,2485.2,1232.2,2715.7,11104.3,5.44,,133.5335,-4.02519,1.5,1,3,2,1.924,3933.48,66.19,2492,0.75,1.25,0.15,2.5619,2.99,0.09,0.75,,,,,,,,,,,,,,,,,,,,
2014-01,3728.5,2498.2,1230.3,2701.7,11101.6,5.72,,133.3748,-5.30982,1.6,1,3,2,1.6382,4015.06,110.69,2463.96,0.75,1.25,0.125,2.4643,2.98,0.07,0.75,,,,,,,,,,,,,,,,,,,,
2014-02,3833.4,2593.9,1239.5,2706.2,11153.4,6.48,,134.1636,-2.63629,1.1,1,3,2,1.5858,4090.54,46.79,2592.46,0.75,1.25,0.1,2.3826,2.91,0.07,0.75,,,,,,,,,,,,,,,,,,,,
2014-03,3885.9,2623,1262.9,2773.3,11278.4,6.16,,133.2432,-1.51115,1.5,1,3,2,1.2195,4154.6,73.91,2636.73,0.75,1.25,0.1,2.3243,2.9,0.08,0.75,,,,,,,,,,,,,,,,,,,,
2014-04,3930.7,2660.4,1270.3,2809.6,11331.6,6.34,,133.2365,-1.85419,2,1,3,2,1.653,4224.91,118.96,2615.72,0.75,1.25,0.1,2.2881,2.88,0.09,0.75,,,,,,,,,,,,,,,,,,,,
2014-05,3911.5,2635.2,1276.3,2782.2,11274.8,6.57,,133.537,0.40328,2.1,1,3,2,1.7684,4272.95,53.51,2645.03,0.75,1.25,0.1333,2.17,2.88,0.09,0.75,,,,,,,,,,,,,,,,,,,,
2014-06,3948.7,2668.4,1280.3,2824.8,11336.8,6.51,,134.1351,-0.39096,2.1,1,3,2,1.5265,4308.28,82.5,2670.74,0.75,1.25,0.15,2.1462,2.87,0.1,0.75,,,,,,,,,,,,,,,,,,,,
2014-07,3989.1,2704,1285.1,2841.2,11391.8,6.61,,131.8748,-3.30747,2,1,3,2,1.8595,4348.72,69.45,2693.17,0.75,1.25,0.15,2.0359,2.86,0.09,0.75,,,,,,,,,,,,,,,,,,,,
2014-08,4075,2786.9,1288.2,2790.2,11422.7,6.29,,130.2768,-3.29405,1.7,1,3,2,1.8066,4373.07,49.94,2784.25,0.75,1.25,0.15,1.9476,2.8,0.09,0.75,,,,,,,,,,,,,,,,,,,,
2014-09,4049.2,2759.3,1289.9,2834.6,11470.6,6.1,,126.0126,-7.82204,1.7,1,3,2,2.115,4394.14,73.94,2765.45,0.75,1.25,0.15,1.9676,2.83,0.09,0.75,,,,,,,,,,,,,,,,,,,,
2014-10,4001.5,2705.7,1295.8,2865,11538.6,5.54,,125.2435,-7.93959,1.7,1,3,2,1.6022,4425.73,111.31,2715.84,0.75,1.25,0.15,1.8586,2.88,0.09,0.75,,,,,,,,,,,,,,,,,,,,
2014-11,3830.4,2519.6,1310.8,2861.1,11615,5.8,,122.5996,-8.55607,1.3,1,3,2,1.3212,4452.15,87.69,2534.13,0.75,1.25,0.15,1.7983,3.03,0.09,0.75,,,,,,,,,,,,,,,,,,,,
2014-12,3934.5,2606.7,1327.8,2992,11760,5.92,,119.0485,-10.84745,0.8,1,3,2,2.1861,4457.78,135.82,2527.03,0.75,1.25,0.15,1.5718,2.99,0.12,0.75,,,,,,,,,,,,,,,,,,,,
2015-01,4017.1,2683.7,1333.4,2941.1,11759,6.01,,115.562,-13.35546,-0.1,1,3,2,0.916,4464.46,181.66,2701.24,0.75,1.25,0.15,1.33,2.93,0.11,0.75,,,,,,,,,,,,,,,,,,,,
2015-02,3840.5,2496.9,1343.6,2979.6,11847.1,6.3,,113.6764,-15.27033,0,1,3,2,0.3833,4464.28,101.96,2514.98,0.75,1.25,0.15,1.3563,3.08,0.11,0.75,,,,,,,,,,,,,,,,,,,,
2015-03,4030.6,2675.2,1355.4,3023.9,11956.7,6.07,,108.2285,-18.7737,-0.1,1,3,2,0.7984,4453.36,59.64,2677.87,0.75,1.25,0.15,1.4023,2.97,0.11,0.75,,,,,,,,,,,,,,,,,,,,
2015-04,4059.4,2699,1360.4,3035.4,12004.7,5.96,,110.249,-17.25311,-0.2,1,3,2,1.59,4445.74,133.57,2681.6,0.75,1.25,0.15,1.395,2.96,0.12,0.75,,,,,,,,,,,,,,,,,,,,
2015-05,3949.4,2584.4,1365,2975.9,11907.9,5.6,,108.4941,-18.75352,0,1,3,2,1.7028,4438.39,192.96,2594.74,0.75,1.25,0.15,1.5885,3.02,0.12,0.75,,,,,,,,,,,,,,,,,,,,
2015-06,3919.6,2553.1,1366.5,3020.7,11962.5,5.49,,109.2916,-18.52127,0.1,1,3,2,1.7751,4441.83,212.29,2555.19,0.75,1.25,0.175,1.675,3.05,0.13,0.75,,,,,,,,,,,,,,,,,,,,
2015-07,3961.2,2590.8,1370.4,3038.4,12012.9,5.41,,108.2769,-17.89415,0.2,1,3,2,1.8011,4449.95,189.61,2604.66,0.75,1.25,0.2,1.6568,3.03,0.13,0.75,,,,,,,,,,,,,,,,,,,,
2015-08,3984,2608.3,1375.8,3022.3,12070.4,5.58,,109.8581,-15.67336,0.2,1,3,2,1.7248,4451.27,166.99,2609.64,0.75,1.25,0.2,1.4695,3.03,0.14,0.75,,,,,,,,,,,,,,,,,,,,
2015-09,4028.5,2644,1384.5,3016.3,12138.2,5.75,,109.1769,-13.36035,0,1,3,2,1.9284,4445.32,148.43,2574.62,0.75,1.25,0.2,1.4595,3.01,0.14,0.75,,,,,,,,,,,,,,,,,,,,
2015-10,4060.5,2668.2,1392.3,3011.9,12171.5,5.48,,108.2257,-13.5878,0.2,1,3,2,1.312,4453.46,59.34,2685.64,0.75,1.25,0.2,1.4252,3,0.12,0.75,,,,,,,,,,,,,,,,,,,,
2015-11,4006.7,2602.1,1404.6,3056.2,12297.9,5.87,,105.5994,-13.86642,0.5,1,3,2,1.3067,4454.25,101.84,2634.03,0.75,1.25,0.2,1.3784,3.07,0.12,0.75,,,,,,,,,,,,,,,,,,,,
2015-12,3835.8,2419.8,1416,3141.1,12427.3,5.67,,106.5396,-10.50736,0.7,1,3,2,1.468,4450.33,250.04,2416.4,0.87,1.5,0.325,1.26,3.24,0.24,1,,,,,,,,,,,,,,,,,,,,
2016-01,3792.7,2376.1,1416.6,3094,12478.4,6.17,,106.1473,-8.14686,1.4,1,3,2,1.475,4451.41,324.17,2403.92,1,1.5,0.45,1.1858,3.29,0.34,1,,,,,,,,,,,,,,,,,,,,
2016-02,3872.5,2448.8,1423.7,3096.6,12517.1,5.75,,106.1772,-6.59698,1,1,3,2,1.1159,4449.53,262,2460.12,1,1.5,0.45,1.046,3.23,0.38,1,,,,,,,,,,,,,,,,,,,,
2016-03,3898.4,2460.4,1438,3179.8,12684.8,6.15,,108.6856,0.42234,0.9,1,3,2,0.7822,4444.43,254.88,2450.65,1,1.5,0.45,1.0141,3.25,0.36,1,,,,,,,,,,,,,,,,,,,,
2016-04,3872.9,2427.7,1445.2,3234.5,12778.6,6.46,,109.9935,-0.23176,1.1,1,3,2,1.6897,4447.01,302.88,2433.71,1,1.5,0.45,1.0371,3.3,0.37,1,,,,,,,,,,,,,,,,,,,,
2016-05,3836.5,2384.1,1452.4,3234.8,12708.4,6.73,,108.1486,-0.31846,1,1,3,2,1.6601,4438.39,291,2383.19,1,1.5,0.45,0.99,3.31,0.37,1,,,,,,,,,,,,,,,,,,,,
2016-06,3825.5,2367,1458.4,3247,12789,6.88,,109.1612,-0.11932,1,1,3,2,1.2812,4430.18,293.68,2354.48,1,1.5,0.475,0.9127,3.34,0.38,1,,,,,,,,,,,,,,,,,,,,
2016-07,3772.5,2309.7,1462.9,3244.7,12850.1,6.91,,109.3702,1.00969,0.8,1,3,2,1.6481,4433.91,312.28,2321.52,1,1.5,0.5,0.8315,3.41,0.39,1,,,,,,,,,,,,,,,,,,,,
2016-08,3816.7,2352.3,1464.4,3319,12946.7,7.17,,109.2718,-0.53364,1.1,1,3,2,1.5901,4429.56,254.61,2338.71,1,1.5,0.55,0.8191,3.39,0.4,1,,,,,,,,,,,,,,,,,,,,
2016-09,3735.9,2265.3,1470.6,3296.4,13016.2,7.18,,111.3897,2.02679,1.5,1,3,2,2.0644,4423.12,297.27,2246.72,1,1.5,0.6,0.8595,3.48,0.4,1,,,,,,,,,,,,,,,,,,,,
2016-10,3572.1,2095.1,1477,3327.7,13079.4,7.45,,109.9789,1.61995,1.6,1,3,2,1.744,4425.11,378.76,2099.08,1,1.5,0.6,0.9215,3.66,0.4,1,,,,,,,,,,,,,,,,,,,,
2016-11,3629.8,2140.3,1489.5,3328.5,13191.8,7.25,,107.178,1.49484,1.7,1,3,2,1.9022,4416.07,384.39,2124.67,1,1.5,0.575,1.1625,3.63,0.41,1,,,,,,,,,,,,,,,,,,,,
2016-12,3531.6,2031,1500.6,3384,13299.9,7.01,,106.2908,-0.23355,2.1,1,3,2,2.2917,4419.41,357.29,2040.73,1.14,1.75,0.65,1.2952,3.77,0.54,1.25,,,,,,,,,,,,,,,,,,,,
2017-01,3595.5,2092.8,1502.7,3388.6,13281.6,6.52,,108.1416,1.87883,2.5,1,3,2,2.1027,4415.12,384.87,2091.23,1.25,1.75,0.775,1.226,3.69,0.65,1.25,,,,,,,,,,,,,,,,,,,,
2017-02,3746.4,2238,1508.4,3358,13305.6,6.42,,107.2402,1.00114,2.7,1,3,2,1.9428,4420,282.15,2226.75,1.25,1.75,0.8,1.2179,3.55,0.66,1.25,,,,,,,,,,,,,,,,,,,,
2017-03,3856.3,2326.3,1530,3477.3,13491.7,6.43,,107.7524,-0.85865,2.4,1,3,2,1.5031,4429.67,71.06,2322.23,1.38,2,0.8667,1.1687,3.5,0.79,1.5,,,,,,,,,,,,,,,,,,,,
2017-04,3821.7,2281.4,1540.3,3489.1,13565,6.18,,108.9849,-0.91696,2.2,1,3,2,1.7187,4438.13,175.61,2290.72,1.5,2,1,1.0563,3.55,0.9,1.5,,,,,,,,,,,,,,,,,,,,
2017-05,3774.4,2225.8,1548.6,3517.1,13474.1,6.03,,110.6646,2.3264,1.9,1,3,2,1.5648,4432.11,183.49,2200.84,1.5,2,1,1.0018,3.57,0.91,1.5,,,,,,,,,,,,,,,,,,,,
2017-06,3762.8,2206.5,1556.2,3527.7,13522.1,5.67,,110.9741,1.6608,1.6,1,3,2,0.9587,4427.85,185.36,2196.19,1.63,2.25,1.05,0.8445,3.59,1.04,1.75,,,,,,,,,,,,,,,,,,,,
2017-07,3795.4,2233.3,1562.1,3548.2,13584.4,5.65,,112.6485,2.99745,1.7,1,3,2,1.7122,4432.38,175,2238.22,1.75,2.25,1.2,0.9455,3.58,1.15,1.75,,,,,,,,,,,,,,,,,,,,
2017-08,3910,2344,1566,3588.6,13653.7,5.4,,113.4753,3.84685,1.9,1,3,2,1.6522,4424.49,107.16,2332.6,1.75,2.25,1.2,0.8739,3.49,1.16,1.75,,,,,,,,,,,,,,,,,,,,
2017-09,3874.5,2295.7,1578.8,3542.2,13705.5,5.25,,112.8221,1.28597,2.2,1,3,2,2.0578,4419.62,104.56,2281.37,1.75,2.25,1.225,0.8175,3.54,1.15,1.75,,,,,,,,,,,,,,,,,,,,
2017-10,3829.9,2245.7,1584.2,3601.6,13750.7,5.13,,111.5908,1.46563,2,1,3,2,1.9527,4424.81,172.78,2248.24,1.75,2.25,1.225,0.8105,3.59,1.15,1.75,,,,,,,,,,,,,,,,,,,,
2017-11,3907.7,2314.5,1593.3,3603.3,13819.9,4.76,,112.3876,4.86073,2.2,1,3,2,2.0692,4415.52,164.17,2311.58,1.75,2.25,1.275,0.6567,3.54,1.16,1.75,,,,,,,,,,,,,,,,,,,,
2017-12,3851,2244.3,1606.7,3652.7,13945,4.87,,112.2519,5.60829,2.1,1,3,2,2.8241,4405.83,136.04,2265.41,1.9,2.5,1.35,0.5585,3.62,1.3,2,,,,,,,,,,,,,,,,,,,,
2018-01,3824.8,2214.6,1610.2,3651.9,13863.1,4.41,,115.1734,6.5024,2.1,1,3,2,1.9049,4401.04,235.4,2202.32,2,2.5,1.525,0.5519,3.62,1.41,2,,,,,,,,,,,,,,,,,,,,
2018-02,3855.1,2238.8,1616.3,3566.1,13849.1,4.19,,114.684,6.94131,2.2,1,3,2,2.138,4374.94,197.82,2229.91,2,2.5,1.575,0.6837,3.59,1.42,2,,,,,,,,,,,,,,,,,,,,
2018-03,3800.6,2167,1633.6,3688.4,14031,4.06,,115.3313,7.03359,2.4,1,3,2,1.6887,4358.16,255.75,2176.39,2.08,2.75,1.7333,0.5667,3.69,1.51,2.25,,,,,,,,,,,,,,,,,,,,
2018-04,3727.1,2086.2,1640.9,3698.1,14069.5,3.74,,113.499,4.14195,2.5,1,3,2,1.8468,4346.5,335.6,2076.42,2.25,2.75,1.95,0.4848,3.77,1.69,2.25,,,,,,,,,,,,,,,,,,,,
2018-05,3674.8,2022.5,1652.3,3655.7,13980.4,3.74,,111.8032,1.02892,2.8,1,3,2,1.9678,4309.08,339.19,2021.54,2.25,2.75,1.95,0.4659,3.8,1.7,2.25,,,,,,,,,,,,,,,,,,,,
2018-06,3650.5,1988.2,1662.3,3656.6,14074.7,4.01,,114.0577,2.77861,2.9,1,3,2,1.591,4278.06,328.67,1997.02,2.39,3,1.975,0.379,3.86,1.82,2.5,,,,,,,,,,,,,,,,,,,,
2018-07,3618.3,1949.8,1668.5,3680.7,14109.6,3.79,,113.6533,0.89201,2.9,1,3,2,2.1231,4254.08,329.19,1958.08,2.5,3,2.05,0.2824,3.9,1.91,2.5,,,,,,,,,,,,,,,,,,,,
2018-08,3584.5,1911.2,1673.3,3690.9,14164.9,3.71,,113.4883,0.0114,2.7,1,3,2,2.1285,4208.53,324.05,1926.91,2.5,3,2.05,0.2535,3.95,1.91,2.5,,,,,,,,,,,,,,,,,,,,
2018-09,3559.8,1873.9,1686,3675.7,14199.5,3.59,,112.6876,-0.11922,2.3,1,3,2,2.41,4168.62,347.22,1870.63,2.53,3.25,2.1,0.2363,3.99,1.95,2.75,,,,,,,,,,,,,,,,,,,,
2018-10,3520.9,1830,1690.8,3722.2,14201.4,3.27,,112.5308,0.84239,2.5,1,3,2,2.2122,4135.98,349.41,1828.93,2.75,3.25,2.3,0.2914,4.03,2.19,2.75,,,,,,,,,,,,,,,,,,,,
2018-11,3476.3,1775.3,1701,3680,14255.1,3.17,,112.4606,0.06494,2.2,1,3,2,2.167,4085.24,323.63,1786.14,2.75,3.25,2.375,0.258,4.1,2.2,2.75,,,,,,,,,,,,,,,,,,,,
2018-12,3400.7,1691.4,1709.4,3800.7,14448.8,3.66,,114.757,2.23166,1.9,1,3,2,1.9811,4047.11,353.95,1699.45,2.85,3.5,2.4,0.1563,4.25,2.27,3,,,,,,,,,,,,,,,,,,,,
2019-01,3346.9,1639,1707.8,3748.5,14423.8,4.06,,115.3163,0.12409,1.6,1,3,2,1.804,4014.68,388.42,1623.58,3,3.5,2.5333,0.1705,4.31,2.4,3,,,,,,,,,,,,,,,,,,,,
2019-02,3353.5,1645.2,1708.2,3705.1,14401.9,4.04,,114.7864,0.08925,1.5,1,3,2,1.7894,3966.71,331.51,1648.81,3,3.5,2.5,0.1721,4.29,2.4,3,,,,,,,,,,,,,,,,,,,,
2019-03,3381.5,1661.3,1720.2,3757.3,14572.5,3.9,,114.134,-1.03815,1.9,1,3,2,1.3753,3927.62,265.58,1675.07,3,3.5,2.45,0.1614,4.31,2.41,3,,,,,,,,,,,,,,,,,,,,
2019-04,3286.7,1559.4,1727.2,3823.8,14623,3.96,,116.2227,2.39977,2,1,3,2,2.0374,3898.54,321.1,1568.66,3,3.5,2.5,0.1876,4.45,2.42,3,,,,,,,,,,,,,,,,,,,,
2019-05,3244.5,1511.3,1733.2,3791.3,14575,4.21,,115.9264,3.68787,1.8,1,3,2,2.1851,3843.83,304.36,1506.95,3,3.5,2.45,0.1886,4.49,2.39,3,,,,,,,,,,,,,,,,,,,,
2019-06,3274.8,1535.9,1739,3831.3,14734.8,4.62,,117.3151,2.85596,1.6,1,3,2,1.6091,3805.69,220.06,1544.86,3,3.5,2.375,0.26,4.5,2.38,3,,,,,,,,,,,,,,,,,,,,
2019-07,3260.3,1513.6,1746.8,3863.5,14814.4,4.93,,117.8039,3.65199,1.8,1,3,2,1.7477,3769.91,195.45,1508.3,3,3.5,2.35,0.2241,4.54,2.4,3,,,,,,,,,,,,,,,,,,,,
2019-08,3271.4,1520.9,1750.5,3850.7,14896.1,5.16,,117.4849,3.52162,1.7,1,3,2,1.7143,3734.22,136.41,1521.24,2.75,3.25,2.1833,0.055,4.55,2.13,2.75,,,,,,,,,,,,,,,,,,,,
2019-09,3202.7,1439.8,1762.9,3878,14986.8,5.56,,116.5543,3.43136,1.7,1,3,2,1.6449,3751.76,241.81,1431.46,2.65,3,2.075,0.0515,4.68,2.04,2.5,,,,,,,,,,,,,,,,,,,,
2019-10,3252.8,1481.5,1771.3,3924.9,15112.2,6.44,,117.7709,4.65657,1.8,1,3,2,1.7246,3922.11,353.97,1484.25,2.49,2.75,1.9,0.1555,4.65,1.83,2.25,,,,,,,,,,,,,,,,,,,,
2019-11,3315.6,1529.3,1786.2,3926.1,15259.4,7.08,,116.8973,3.94516,2.1,1,3,2,1.6973,3998.81,366.2,1540.32,2.25,2.75,1.725,0.1995,4.6,1.55,2.25,,,,,,,,,,,,,,,,,,,,
2019-12,3426.5,1630.1,1796.4,4043.3,15412.5,6.69,,118.4377,3.20741,2.3,1,3,2,1.7038,4068.62,343.28,1636.15,2.25,2.75,1.7,0.2495,4.5,1.55,2.25,,,,,,,,,,,,,,,,,,,,
2020-01,3442.6,1645.4,1797.2,3983.5,15397.1,6.73,,117.826,2.17634,2.5,1,3,2,1.7971,4122.4,399.55,1620.13,2.25,2.75,1.6333,0.2386,4.47,1.55,2.25,,,,,,,,,,,,,,,,,,,,
2020-02,3454.5,1657,1797.5,3942,15383.1,6.82,,117.3842,2.26318,2.3,1,3,2,1.646,4129.82,407.4,1671.76,2.25,2.75,1.6,0.1732,4.45,1.58,2.25,,,,,,,,,,,,,,,,,,,,
2020-03,3883.1,2045.1,1838,4290,16056.1,10.18,,116.869,2.39634,1.5,1,3,2,0.9871,4449.83,384.97,1952.03,1.02,0.875,1,0.4218,4.13,0.65,0.25,,,,,,,,,,,,,,,,,,,,
2020-04,4844.9,2953.6,1891.3,4851.5,17102.4,16.93,,117.7605,1.32311,0.3,1,3,2,-0.0504,6157.55,843.3,2958.45,0.25,0.875,0.45,0.4329,3.53,0.05,0.25,,,,,,,,,,,,,,,,,,,,
2020-05,5149.4,3217.6,1931.8,16170.7,17766.9,21.89,,121.1976,4.547,0.1,1,3,2,-0.2188,6846.87,1200.41,3262.74,0.25,0.875,0.175,0.5035,3.45,0.05,0.25,,,,,,,,,,,,,,,,,,,,
2020-06,5001.8,3043.6,1958.3,16544.5,18103.7,22.87,,122.849,4.71708,0.6,1,3,2,0.5128,7077.31,1521.98,3113.8,0.25,0.875,0.15,0.5436,3.62,0.08,0.25,,,,,,,,,,,,,,,,,,,,
2020-07,4700.3,2718.5,1981.7,16746.4,18252.8,23.22,,128.9304,9.4449,1,1,3,2,1.572,6920.2,1718.24,2750.84,0.25,0.875,0.15,0.4755,3.88,0.09,0.25,,,,,,,,,,,,,,,,,,,,
2020-08,4807.4,2799.7,2007.6,16869.1,18319.2,23.04,,129.3466,10.09635,1.3,1,3,2,1.6768,6938.5,1646.41,2819.74,0.25,0.875,0.125,0.5105,3.81,0.1,0.25,,,,,,,,,,,,,,,,,,,,
2020-09,4880.3,2852.8,2027.5,17136.8,18543.1,23.8,,127.9203,9.75165,1.4,1,3,2,1.5828,6993.95,1671.72,2843.62,0.25,0.875,0.1,0.5448,3.8,0.09,0.25,,,,,,,,,,,,,,,,,,,,
2020-10,4917.1,2876.6,2040.5,17321.5,18689.1,23.72,,128.4368,9.05649,1.2,1,3,2,1.397,7075.21,1671.98,2902.12,0.25,0.875,0.1,0.6376,3.8,0.09,0.25,,,,,,,,,,,,,,,,,,,,
2020-11,5093,3034.7,2058.3,17642.4,18980.6,24.39,,130.1504,11.33732,1.2,1,3,2,1.42,7160.2,1555.07,3037.18,0.25,0.875,0.125,0.7042,3.73,0.09,0.25,,,,,,,,,,,,,,,,,,,,
2020-12,5206.5,3135,2071.6,17949.3,19247.9,24.84,,133.8491,13.01222,1.4,1,3,2,1.6495,7263.43,1574.46,3147.6,0.25,0.875,0.15,0.7977,3.7,0.09,0.25,,,,,,,,,,,,,,,,,,,,
2021-01,5248,3153.8,2094.2,18085.1,19371.9,25.78,,132.968,12.85111,1.4,1,3,2,1.4461,7336.28,1608.74,3185.8,0.25,0.875,0.1,0.95,3.69,0.09,0.25,,,,,,,,,,,,,,,,,,,,
2021-02,5446.8,3345.9,2100.9,18263.5,19524,26.89,,132.3661,12.76311,1.7,1,3,2,1.6755,7454.67,1553.75,3323.37,0.25,0.875,0.1,1.1426,3.58,0.08,0.25,,,,,,,,,,,,,,,,,,,,
2021-03,5839,3721.3,2117.8,18721.3,19946.3,24.17,,128.007,9.53036,2.6,1,3,2,1.5138,7600.25,1194.77,3713.35,0.25,0.875,0.1,1.4639,3.42,0.07,0.25,,,,,,,,,,,,,,,,,,,,
2021-04,6042.1,3887.3,2154.8,19085.6,20270.1,18.28,,130.0793,10.4609,4.2,1,3,2,1.7547,7720.22,953.1,3884.25,0.25,0.875,0.1,1.4718,3.35,0.07,0.25,,,,,,,,,,,,,,,,,,,,
2021-05,6041.9,3872.4,2169.5,19169.9,20319.7,14.49,,130.769,7.89739,5,1,3,2,1.8682,7825.11,862.53,3883.07,0.25,0.875,0.1,1.466,3.36,0.06,0.25,,,,,,,,,,,,,,,,,,,,
2021-06,6027,3848.1,2179,19310.5,20440.8,12.86,,129.1438,5.12407,5.4,1,3,2,2.0552,7968.11,767.31,3789.61,0.25,0.875,0.05,1.3164,3.39,0.08,0.25,,,,,,,,,,,,,,,,,,,,
2021-07,6130.2,3943.9,2186.3,19459.5,20571.9,12.79,,129.5139,0.45258,5.4,1,3,2,2.0731,8125.31,633.93,3944.13,0.25,0.875,0.1,1.099,3.36,0.1,0.25,,,,,,,,,,,,,,,,,,,,
2021-08,6328.7,4140.1,2188.6,19683.8,20778.1,13.5,,242.1763,87.23048,5.3,1,3,2,2.4624,8253.91,366.87,4134.71,0.25,0.875,0.1,1.0659,3.28,0.09,0.25,,,,,,,,,,,,,,,,,,,,
2021-09,6388.8,4193.2,2195.6,19874.2,20957.9,12.87,,239.4839,87.2134,5.4,1,3,2,2.6841,8367.93,257.75,4188.69,0.25,0.875,0.1,1.1338,3.28,0.08,0.25,,,,,,,,,,,,,,,,,,,,
2021-10,6330.9,4128.1,2202.8,20021,21098,12.85,,241.3887,87.94362,6.2,1,3,2,1.8544,8475.97,130.54,4136.39,0.25,0.875,0.1,1.19,3.33,0.08,0.25,,,,,,,,,,,,,,,,,,,,
2021-11,6394.7,4180.6,2214.1,20267.4,21334.5,12.54,,239.1848,83.77574,6.8,1,3,2,2.4798,8591.78,209.6,4172.52,0.25,0.875,0.1,1.0515,3.34,0.08,0.25,,,,,,,,,,,,,,,,,,,,
2021-12,6413.1,4187.9,2225.1,20591.3,21660.4,12.37,,240.1973,79.45384,7,1,3,2,2.6203,8678.12,164.82,4188.01,0.25,0.875,0.1333,0.785,3.38,0.08,0.25,,,,,,,,,,,,,,,,,,,,
2022-01,6103.9,3871.1,2232.8,20549.2,21636.7,11.76,,239.3308,79.9913,7.5,1,3,2,2.2418,8780.34,536.06,3901.05,0.25,0.875,0.15,0.7835,3.54,0.08,0.25,,,,,,,,,,,,,,,,,,,,
2022-02,6040,3804.5,2235.4,20528,21590.3,10.67,,239.7547,81.13,7.9,1,3,2,2.6274,8852.34,693.34,3773.57,0.25,0.875,0.225,0.4989,3.57,0.08,0.25,,,,,,,,,,,,,,,,,,,,
2022-03,6134.5,3874.7,2259.8,20800.8,21855.8,9.5,,237.1825,85.28862,8.5,1,3,2,3.0577,8891.82,609.92,3861.81,0.37,1,0.4,0.2183,3.56,0.2,0.5,,,,,,,,,,,,,,,,,,,,
2022-04,5885.2,3615.4,2269.8,20817.7,21860.3,7.63,,229.9166,76.75112,8.3,1,3,2,3.3929,8910.02,738.52,3574.4,0.5,1,0.625,0.2095,3.71,0.33,0.5,,,,,,,,,,,,,,,,,,,,
2022-05,5591.5,3317.9,2273.7,20537.9,21590.3,6.03,,231.2701,76.85391,8.6,1,3,2,3.6347,8907.15,888.05,3305.46,0.94,1.5,0.9,0.2814,3.86,0.77,1,,,,,,,,,,,,,,,,,,,,
2022-06,5506.5,3228.4,2278.1,20535.3,21645.1,5.61,,227.5342,76.18662,9.1,1,3,2,4.2267,8888.58,747.86,3214.76,1.38,2.25,1.4333,0.1452,3.93,1.21,1.75,,,,,,,,,,,,,,,,,,,,
2022-07,5537.2,3258.7,2278.5,20470.4,21651.9,4.95,,226.9931,75.26546,8.5,1,3,2,3.3093,8862.56,634.64,3260.06,1.85,3,2.025,-0.14,3.91,1.68,2.5,,,,,,,,,,,,,,,,,,,,
2022-08,5582.3,3305.9,2276.3,,,3.82,,,-7.88898,8.3,1,3,2,3.3771,8828.34,573.42,3284.1,2.5,3,2.575,-0.3522,,2.33,2.5,,,,,,,,,,,,,,,,,,,,
2022-09,5410.9,3131.4,2279.5,,,2.56,,,-8.50672,8.2,1,3,2,4.1791,8783.42,638.28,3104.25,2.73,3.75,2.775,-0.3376,,2.56,3.25,,,,,,,,,,,,,,,,,,,,
,,,,,,,,,,,,,,,,,3078.92,,,,,,,,,,,,,,,,,,,,,,,,,,,
,,,,,,,,,,,,,,,,,3098.34,,,,,,,,,,,,,,,,,,,,,,,,,,,
,,,,,,,,,,,,,,,,,,,,,,,,,,,,,,,,,,,,,,,,,,,,
